{"cameraMode":{"drawMode":0,"name":"Shaded","section":"Shading Mode"},"sceneLighting":false,"audioPlay":false,"sceneViewState":{"m_AlwaysRefresh":true,"showFog":true,"showSkybox":false,"showFlares":true,"showImageEffects":true,"showParticleSystems":true,"showVisualEffectGraphs":true,"m_FxEnabled":true},"in2DMode":false,"pivot":{"x":1.4478869438171387,"y":-0.6220144629478455,"z":-0.1863967925310135},"rotation":{"x":-0.07784857600927353,"y":-0.7178454995155335,"z":0.08131587505340576,"w":-0.6870653629302979},"size":2.4494898319244386,"orthographic":false}